date_reference,date_publication,monia_percent,monia_decimal,volume_jj_mmad
2022-06-15,2022-06-16,1.46,0.0146,12784.0
2022-06-16,2022-06-17,1.438,0.014379999999999999,10483.0
2022-06-17,2022-06-20,1.444,0.01444,9291.0
2022-06-20,2022-06-21,1.424,0.01424,8554.0
2022-06-21,2022-06-22,1.428,0.01428,9169.0
2022-06-22,2022-06-23,1.419,0.014190000000000001,9449.0
2022-06-23,2022-06-24,1.432,0.01432,10487.0
2022-06-24,2022-06-27,1.437,0.01437,9434.0
2022-06-27,2022-06-28,1.436,0.01436,11538.0
2022-06-28,2022-06-29,1.433,0.01433,11593.0
2022-06-29,2022-06-30,1.445,0.014450000000000001,11766.0
2022-06-30,2022-07-01,1.467,0.01467,12105.0
2022-07-01,2022-07-04,1.464,0.01464,9683.0
2022-07-04,2022-07-05,1.457,0.014570000000000001,10565.0
2022-07-05,2022-07-06,1.449,0.014490000000000001,11455.0
2022-07-06,2022-07-07,1.438,0.014379999999999999,13145.0
2022-07-07,2022-07-08,1.447,0.01447,13768.0
2022-07-08,2022-07-12,1.461,0.014610000000000001,10793.0
2022-07-12,2022-07-13,1.446,0.014459999999999999,9538.0
2022-07-13,2022-07-14,1.434,0.014339999999999999,11528.0
2022-07-14,2022-07-15,1.444,0.01444,10236.0
2022-07-15,2022-07-18,1.435,0.01435,10228.0
2022-07-18,2022-07-19,1.428,0.01428,10071.0
2022-07-19,2022-07-20,1.435,0.01435,8412.0
2022-07-20,2022-07-21,1.434,0.014339999999999999,8761.0
2022-07-21,2022-07-22,1.446,0.014459999999999999,9073.0
2022-07-22,2022-07-25,1.444,0.01444,8002.0
2022-07-25,2022-07-26,1.443,0.01443,8751.0
2022-07-26,2022-07-27,1.462,0.01462,9631.0
2022-07-27,2022-07-28,1.437,0.01437,8983.0
2022-07-28,2022-07-29,1.445,0.014450000000000001,8570.0
2022-07-29,2022-08-01,1.454,0.014539999999999999,8484.0
2022-08-01,2022-08-02,1.453,0.014530000000000001,9132.0
2022-08-02,2022-08-03,1.457,0.014570000000000001,9305.0
2022-08-03,2022-08-04,1.436,0.01436,12234.0
2022-08-04,2022-08-05,1.469,0.014690000000000002,10173.0
2022-08-05,2022-08-08,1.433,0.01433,8086.0
2022-08-08,2022-08-09,1.442,0.014419999999999999,8599.0
2022-08-09,2022-08-10,1.439,0.01439,7276.0
2022-08-10,2022-08-11,1.44,0.0144,7243.0
2022-08-11,2022-08-12,1.434,0.014339999999999999,7060.0
2022-08-12,2022-08-15,1.402,0.01402,8753.0
2022-08-15,2022-08-16,1.428,0.01428,8108.0
2022-08-16,2022-08-17,1.424,0.01424,8134.0
2022-08-17,2022-08-18,1.434,0.014339999999999999,6872.0
2022-08-18,2022-08-19,1.415,0.014150000000000001,6978.0
2022-08-19,2022-08-22,1.419,0.014190000000000001,6335.0
2022-08-22,2022-08-23,1.42,0.014199999999999999,6009.0
2022-08-23,2022-08-24,1.413,0.01413,8456.0
2022-08-24,2022-08-25,1.419,0.014190000000000001,8740.0
2022-08-25,2022-08-26,1.428,0.01428,7923.0
2022-08-26,2022-08-29,1.418,0.01418,7787.0
2022-08-29,2022-08-30,1.428,0.01428,8141.0
2022-08-30,2022-08-31,1.455,0.01455,8413.0
2022-08-31,2022-09-01,1.428,0.01428,7386.0
2022-09-01,2022-09-02,1.452,0.01452,8331.0
2022-09-02,2022-09-05,1.431,0.01431,5981.0
2022-09-05,2022-09-06,1.434,0.014339999999999999,7532.0
2022-09-06,2022-09-07,1.442,0.014419999999999999,8131.0
2022-09-07,2022-09-08,1.444,0.01444,8361.0
2022-09-08,2022-09-09,1.434,0.014339999999999999,6878.0
2022-09-09,2022-09-12,1.427,0.01427,6544.0
2022-09-12,2022-09-13,1.418,0.01418,7546.0
2022-09-13,2022-09-14,1.423,0.01423,6586.0
2022-09-14,2022-09-15,1.372,0.013720000000000001,8959.0
2022-09-15,2022-09-16,1.409,0.01409,8523.0
2022-09-16,2022-09-19,1.409,0.01409,9281.0
2022-09-19,2022-09-20,1.413,0.01413,8119.0
2022-09-20,2022-09-21,1.422,0.01422,9946.0
2022-09-21,2022-09-22,1.424,0.01424,9431.0
2022-09-22,2022-09-23,1.416,0.014159999999999999,7563.0
2022-09-23,2022-09-26,1.421,0.01421,7715.0
2022-09-26,2022-09-27,1.43,0.0143,7377.0
2022-09-27,2022-09-28,1.366,0.01366,9422.0
2022-09-28,2022-09-29,1.894,0.01894,9434.0
2022-09-29,2022-09-30,1.992,0.01992,11092.0
2022-09-30,2022-10-03,2.002,0.020019999999999996,13620.0
2022-10-03,2022-10-04,1.988,0.01988,6648.0
2022-10-04,2022-10-05,1.968,0.01968,7743.0
2022-10-05,2022-10-06,1.969,0.01969,7313.0
2022-10-06,2022-10-07,1.961,0.019610000000000002,7832.0
2022-10-07,2022-10-11,1.981,0.01981,8163.0
2022-10-11,2022-10-12,1.977,0.01977,7715.0
2022-10-12,2022-10-13,1.966,0.01966,8851.0
2022-10-13,2022-10-14,1.958,0.01958,9983.0
2022-10-14,2022-10-17,1.955,0.01955,6591.0
2022-10-17,2022-10-18,1.944,0.01944,13472.0
2022-10-18,2022-10-19,1.941,0.01941,10272.0
2022-10-19,2022-10-20,1.951,0.01951,9968.0
2022-10-20,2022-10-21,1.932,0.01932,12054.0
2022-10-21,2022-10-24,1.937,0.019370000000000002,11511.0
2022-10-24,2022-10-25,1.942,0.01942,8803.0
2022-10-25,2022-10-26,1.954,0.01954,9627.0
2022-10-26,2022-10-27,1.935,0.01935,7387.0
2022-10-27,2022-10-28,1.932,0.01932,9952.0
2022-10-28,2022-10-31,1.963,0.01963,10142.0
2022-10-31,2022-11-01,1.967,0.01967,14035.0
2022-11-01,2022-11-02,1.955,0.01955,9829.0
2022-11-02,2022-11-03,1.974,0.01974,12438.0
2022-11-03,2022-11-04,1.956,0.01956,8943.0
2022-11-04,2022-11-07,1.939,0.01939,8063.0
2022-11-07,2022-11-08,1.939,0.01939,7273.0
2022-11-08,2022-11-09,1.927,0.01927,8492.0
2022-11-09,2022-11-10,1.928,0.01928,9315.0
2022-11-10,2022-11-11,1.93,0.019299999999999998,7896.0
2022-11-11,2022-11-14,1.92,0.0192,8051.0
2022-11-14,2022-11-15,1.925,0.01925,9319.0
2022-11-15,2022-11-16,1.916,0.01916,9578.0
2022-11-16,2022-11-17,1.908,0.01908,10646.0
2022-11-17,2022-11-21,1.912,0.019119999999999998,9035.0
2022-11-21,2022-11-22,1.918,0.01918,8268.0
2022-11-22,2022-11-23,1.912,0.019119999999999998,9720.0
2022-11-23,2022-11-24,1.913,0.01913,9195.0
2022-11-24,2022-11-25,1.917,0.01917,9834.0
2022-11-25,2022-11-28,1.91,0.0191,10282.0
2022-11-28,2022-11-29,1.916,0.01916,9489.0
2022-11-29,2022-11-30,1.93,0.019299999999999998,8479.0
2022-11-30,2022-12-01,1.95,0.0195,9095.0
2022-12-01,2022-12-02,1.924,0.01924,7681.0
2022-12-02,2022-12-05,1.922,0.01922,8111.0
2022-12-05,2022-12-06,1.919,0.01919,10240.0
2022-12-06,2022-12-07,1.91,0.0191,11156.0
2022-12-07,2022-12-08,1.921,0.01921,10866.0
2022-12-08,2022-12-09,1.92,0.0192,8587.0
2022-12-09,2022-12-12,1.922,0.01922,7620.0
2022-12-12,2022-12-13,1.922,0.01922,9571.0
2022-12-13,2022-12-14,1.913,0.01913,9384.0
2022-12-14,2022-12-15,1.911,0.019110000000000002,10793.0
2022-12-15,2022-12-16,1.877,0.01877,10484.0
2022-12-16,2022-12-19,1.941,0.01941,8539.0
2022-12-19,2022-12-20,1.955,0.01955,9629.0
2022-12-20,2022-12-21,1.946,0.019459999999999998,11567.0
2022-12-21,2022-12-22,2.437,0.02437,10502.0
2022-12-22,2022-12-23,2.424,0.024239999999999998,10053.0
2022-12-23,2022-12-26,2.416,0.02416,7118.0
2022-12-26,2022-12-27,2.437,0.02437,8335.0
2022-12-27,2022-12-28,2.444,0.02444,8925.0
2022-12-28,2022-12-29,2.48,0.0248,6567.0
2022-12-29,2022-12-30,2.493,0.024929999999999997,11117.0
2022-12-30,2023-01-02,2.5,0.025,19330.0
2023-01-02,2023-01-03,2.483,0.02483,9002.0
2023-01-03,2023-01-04,2.472,0.02472,10034.0
2023-01-04,2023-01-05,2.456,0.02456,8027.0
2023-01-05,2023-01-06,2.444,0.02444,7822.0
2023-01-06,2023-01-09,2.443,0.02443,8860.0
2023-01-09,2023-01-10,2.425,0.024249999999999997,8120.0
2023-01-10,2023-01-12,2.437,0.02437,8280.0
2023-01-12,2023-01-13,2.439,0.024390000000000002,12430.0
2023-01-13,2023-01-16,2.445,0.02445,8153.0
2023-01-16,2023-01-17,2.417,0.024169999999999997,11111.0
2023-01-17,2023-01-18,2.418,0.02418,9732.0
2023-01-18,2023-01-19,2.417,0.024169999999999997,9770.0
2023-01-19,2023-01-20,2.417,0.024169999999999997,8567.0
2023-01-20,2023-01-23,2.413,0.02413,8918.0
2023-01-23,2023-01-24,2.409,0.024089999999999997,9184.0
2023-01-24,2023-01-25,2.417,0.024169999999999997,9351.0
2023-01-25,2023-01-26,2.414,0.02414,9646.0
2023-01-26,2023-01-27,2.405,0.02405,9190.0
2023-01-27,2023-01-30,2.428,0.02428,9978.0
2023-01-30,2023-01-31,2.447,0.024470000000000002,11445.0
2023-01-31,2023-02-01,2.448,0.02448,13204.0
2023-02-01,2023-02-02,2.453,0.02453,13430.0
2023-02-02,2023-02-03,2.416,0.02416,7403.0
2023-02-03,2023-02-06,2.418,0.02418,7014.0
2023-02-06,2023-02-07,2.39,0.0239,10509.0
2023-02-07,2023-02-08,2.424,0.024239999999999998,8598.0
2023-02-08,2023-02-09,2.416,0.02416,7518.0
2023-02-09,2023-02-10,2.414,0.02414,11519.0
2023-02-10,2023-02-13,2.423,0.02423,9695.0
2023-02-13,2023-02-14,2.421,0.02421,9988.0
2023-02-14,2023-02-15,2.432,0.024319999999999998,11275.0
2023-02-15,2023-02-16,2.421,0.02421,10602.0
2023-02-16,2023-02-17,2.42,0.0242,10726.0
2023-02-17,2023-02-20,2.417,0.024169999999999997,11307.0
2023-02-20,2023-02-21,2.415,0.02415,10397.0
2023-02-21,2023-02-22,2.423,0.02423,11262.0
2023-02-22,2023-02-23,2.418,0.02418,12011.0
2023-02-23,2023-02-24,2.421,0.02421,11065.0
2023-02-24,2023-02-27,2.42,0.0242,10536.0
2023-02-27,2023-02-28,2.405,0.02405,11957.0
2023-02-28,2023-03-01,2.398,0.02398,14169.0
2023-03-01,2023-03-02,2.414,0.02414,13198.0
2023-03-02,2023-03-03,2.426,0.02426,10010.0
2023-03-03,2023-03-06,2.424,0.024239999999999998,11275.0
2023-03-06,2023-03-07,2.431,0.024310000000000002,9968.0
2023-03-07,2023-03-08,2.404,0.02404,12787.0
2023-03-08,2023-03-09,2.406,0.02406,13202.0
2023-03-09,2023-03-10,2.425,0.024249999999999997,11334.0
2023-03-10,2023-03-13,2.427,0.02427,10266.0
2023-03-13,2023-03-14,2.439,0.024390000000000002,8338.0
2023-03-14,2023-03-15,2.439,0.024390000000000002,9179.0
2023-03-15,2023-03-16,2.403,0.02403,13653.0
2023-03-16,2023-03-17,2.423,0.02423,12496.0
2023-03-17,2023-03-20,2.443,0.02443,9202.0
2023-03-20,2023-03-21,2.432,0.024319999999999998,11938.0
2023-03-21,2023-03-22,2.428,0.02428,14344.0
2023-03-22,2023-03-23,2.939,0.02939,13927.0
2023-03-23,2023-03-24,2.929,0.029289999999999997,12736.0
2023-03-24,2023-03-27,2.931,0.02931,10919.0
2023-03-27,2023-03-28,2.937,0.029369999999999997,9822.0
2023-03-28,2023-03-29,2.941,0.02941,11893.0
2023-03-29,2023-03-30,2.925,0.029249999999999998,11178.0
2023-03-30,2023-03-31,2.945,0.029449999999999997,8084.0
2023-03-31,2023-04-03,2.865,0.028650000000000002,12863.0
2023-04-03,2023-04-04,2.94,0.0294,9600.0
2023-04-04,2023-04-05,2.928,0.02928,11077.0
2023-04-05,2023-04-06,2.844,0.02844,12430.0
2023-04-06,2023-04-07,2.942,0.02942,9044.0
2023-04-07,2023-04-10,2.933,0.02933,11890.0
2023-04-10,2023-04-11,2.912,0.02912,13473.0
2023-04-11,2023-04-12,2.921,0.02921,9545.0
2023-04-12,2023-04-13,2.919,0.02919,10346.0
2023-04-13,2023-04-14,2.926,0.02926,10431.0
2023-04-14,2023-04-17,2.933,0.02933,10088.0
2023-04-17,2023-04-18,2.857,0.02857,13983.0
2023-04-18,2023-04-19,2.924,0.02924,12414.0
2023-04-19,2023-04-20,2.923,0.02923,10887.0
2023-04-20,2023-04-21,2.915,0.02915,4747.0
2023-04-21,2023-04-25,2.918,0.02918,5475.0
2023-04-25,2023-04-26,2.914,0.029140000000000003,10372.0
2023-04-26,2023-04-27,2.934,0.02934,10234.0
2023-04-27,2023-04-28,2.915,0.02915,8403.0
2023-04-28,2023-05-02,2.932,0.02932,9835.0
2023-05-02,2023-05-03,2.902,0.02902,10206.0
2023-05-03,2023-05-04,2.918,0.02918,7184.0
2023-05-04,2023-05-05,2.91,0.0291,11266.0
2023-05-05,2023-05-08,2.914,0.029140000000000003,9046.0
2023-05-08,2023-05-09,2.903,0.02903,10084.0
2023-05-09,2023-05-10,2.89,0.028900000000000002,13028.0
2023-05-10,2023-05-11,2.89,0.028900000000000002,13117.0
2023-05-11,2023-05-12,2.922,0.029220000000000003,8185.0
2023-05-12,2023-05-15,2.905,0.02905,10188.0
2023-05-15,2023-05-16,2.908,0.029079999999999998,9020.0
2023-05-16,2023-05-17,2.884,0.028839999999999998,17610.0
2023-05-17,2023-05-18,2.898,0.028980000000000002,14266.0
2023-05-18,2023-05-19,2.91,0.0291,11075.0
2023-05-19,2023-05-22,2.897,0.02897,14804.0
2023-05-22,2023-05-23,2.909,0.029089999999999998,11975.0
2023-05-23,2023-05-24,2.902,0.02902,14961.0
2023-05-24,2023-05-25,2.895,0.02895,16684.0
2023-05-25,2023-05-26,2.914,0.029140000000000003,12161.0
2023-05-26,2023-05-29,2.905,0.02905,16467.0
2023-05-29,2023-05-30,2.897,0.02897,17434.0
2023-05-30,2023-05-31,2.915,0.02915,10988.0
2023-05-31,2023-06-01,2.945,0.029449999999999997,10928.0
2023-06-01,2023-06-02,2.945,0.029449999999999997,11431.0
2023-06-02,2023-06-05,2.936,0.02936,12505.0
2023-06-05,2023-06-06,2.925,0.029249999999999998,9897.0
2023-06-06,2023-06-07,2.927,0.02927,13056.0
2023-06-07,2023-06-08,2.914,0.029140000000000003,12752.0
2023-06-08,2023-06-09,2.919,0.02919,11952.0
2023-06-09,2023-06-12,2.928,0.02928,14456.0
2023-06-12,2023-06-13,2.925,0.029249999999999998,11774.0
2023-06-13,2023-06-14,2.921,0.02921,15558.0
2023-06-14,2023-06-15,2.93,0.029300000000000003,10881.0
2023-06-15,2023-06-16,2.922,0.029220000000000003,9641.0
2023-06-16,2023-06-19,2.925,0.029249999999999998,11818.0
2023-06-19,2023-06-20,2.935,0.02935,19566.0
2023-06-20,2023-06-21,2.948,0.02948,19656.0
2023-06-21,2023-06-22,2.932,0.02932,15735.0
2023-06-22,2023-06-23,2.928,0.02928,12298.0
2023-06-23,2023-06-26,2.924,0.02924,10640.0
2023-06-26,2023-06-27,2.938,0.029380000000000003,12037.0
2023-06-27,2023-06-28,2.925,0.029249999999999998,10037.0
2023-06-28,2023-07-03,2.995,0.02995,16209.0
2023-07-03,2023-07-04,2.936,0.02936,10684.0
2023-07-04,2023-07-05,2.934,0.02934,12796.0
2023-07-05,2023-07-06,2.912,0.02912,14887.0
2023-07-06,2023-07-07,2.931,0.02931,10207.0
2023-07-07,2023-07-10,2.938,0.029380000000000003,12170.0
2023-07-10,2023-07-11,2.934,0.02934,8874.0
2023-07-11,2023-07-12,2.933,0.02933,11084.0
2023-07-12,2023-07-13,2.933,0.02933,11656.0
2023-07-13,2023-07-14,2.932,0.02932,9891.0
2023-07-14,2023-07-17,2.935,0.02935,8602.0
2023-07-17,2023-07-18,2.919,0.02919,12197.0
2023-07-18,2023-07-20,2.925,0.029249999999999998,12009.0
2023-07-20,2023-07-21,2.925,0.029249999999999998,8865.0
2023-07-21,2023-07-24,2.94,0.0294,10579.0
2023-07-24,2023-07-25,2.935,0.02935,11383.0
2023-07-25,2023-07-26,2.932,0.02932,9239.0
2023-07-26,2023-07-27,2.937,0.029369999999999997,8929.0
2023-07-27,2023-07-28,2.924,0.02924,12269.0
2023-07-28,2023-07-31,2.943,0.02943,7098.0
2023-07-31,2023-08-01,2.97,0.0297,6692.0
2023-08-01,2023-08-02,2.963,0.02963,7498.0
2023-08-02,2023-08-03,2.941,0.02941,11076.0
2023-08-03,2023-08-04,2.946,0.02946,9953.0
2023-08-04,2023-08-07,2.939,0.02939,10253.0
2023-08-07,2023-08-08,2.868,0.028679999999999997,13841.0
2023-08-08,2023-08-09,2.951,0.02951,11077.0
2023-08-09,2023-08-10,2.949,0.02949,10936.0
2023-08-10,2023-08-11,2.938,0.029380000000000003,10295.0
2023-08-11,2023-08-15,2.93,0.029300000000000003,10184.0
2023-08-15,2023-08-16,2.914,0.029140000000000003,11382.0
2023-08-16,2023-08-17,2.916,0.02916,9731.0
2023-08-17,2023-08-18,2.912,0.02912,11653.0
2023-08-18,2023-08-22,2.922,0.029220000000000003,10180.0
2023-08-22,2023-08-23,2.926,0.02926,9059.0
2023-08-23,2023-08-24,2.907,0.02907,12694.0
2023-08-24,2023-08-25,2.914,0.029140000000000003,9417.0
2023-08-25,2023-08-28,2.92,0.0292,10834.0
2023-08-28,2023-08-29,2.928,0.02928,9610.0
2023-08-29,2023-08-30,2.926,0.02926,8903.0
2023-08-30,2023-08-31,2.937,0.029369999999999997,9729.0
2023-08-31,2023-09-01,2.955,0.02955,11483.0
2023-09-01,2023-09-04,2.939,0.02939,9525.0
2023-09-04,2023-09-05,2.926,0.02926,10278.0
2023-09-05,2023-09-06,2.918,0.02918,12041.0
2023-09-06,2023-09-07,2.905,0.02905,13905.0
2023-09-07,2023-09-08,2.944,0.02944,9964.0
2023-09-08,2023-09-11,2.937,0.029369999999999997,10006.0
2023-09-11,2023-09-12,2.928,0.02928,11520.0
2023-09-12,2023-09-13,2.909,0.029089999999999998,14209.0
2023-09-13,2023-09-14,2.916,0.02916,14350.0
2023-09-14,2023-09-15,2.928,0.02928,12137.0
2023-09-15,2023-09-18,2.909,0.029089999999999998,13655.0
2023-09-18,2023-09-19,2.925,0.029249999999999998,10271.0
2023-09-19,2023-09-20,2.903,0.02903,15363.0
2023-09-20,2023-09-21,2.914,0.029140000000000003,12168.0
2023-09-21,2023-09-22,2.914,0.029140000000000003,13549.0
2023-09-22,2023-09-25,2.937,0.029369999999999997,10259.0
2023-09-25,2023-09-26,2.892,0.028919999999999998,13038.0
2023-09-26,2023-09-27,2.956,0.02956,9172.0
2023-09-27,2023-10-02,3.018,0.03018,13751.0
2023-10-02,2023-10-03,2.985,0.029849999999999998,6930.0
2023-10-03,2023-10-04,2.989,0.02989,9517.0
2023-10-04,2023-10-05,2.964,0.02964,12313.0
2023-10-05,2023-10-06,2.941,0.02941,7612.0
2023-10-06,2023-10-09,2.928,0.02928,7662.0
2023-10-09,2023-10-10,2.953,0.029529999999999997,10486.0
2023-10-10,2023-10-11,2.873,0.028730000000000002,8648.0
2023-10-11,2023-10-12,2.926,0.02926,13656.0
2023-10-12,2023-10-13,2.935,0.02935,9380.0
2023-10-13,2023-10-16,2.954,0.02954,11054.0
2023-10-16,2023-10-17,2.947,0.02947,11112.0
2023-10-17,2023-10-18,2.931,0.02931,10873.0
2023-10-18,2023-10-19,2.938,0.029380000000000003,11236.0
2023-10-19,2023-10-20,2.933,0.02933,9804.0
2023-10-20,2023-10-23,2.908,0.029079999999999998,11827.0
2023-10-23,2023-10-24,2.921,0.02921,13291.0
2023-10-24,2023-10-25,2.931,0.02931,12491.0
2023-10-25,2023-10-26,2.924,0.02924,11514.0
2023-10-26,2023-10-27,2.939,0.02939,7982.0
2023-10-27,2023-10-30,2.924,0.02924,12244.0
2023-10-30,2023-10-31,2.945,0.029449999999999997,8623.0
2023-10-31,2023-11-01,2.946,0.02946,8238.0
2023-11-01,2023-11-02,2.927,0.02927,11198.0
2023-11-02,2023-11-03,2.925,0.029249999999999998,8281.0
2023-11-03,2023-11-07,2.933,0.02933,9967.0
2023-11-07,2023-11-08,2.935,0.02935,10830.0
2023-11-08,2023-11-09,2.93,0.029300000000000003,11336.0
2023-11-09,2023-11-10,2.928,0.02928,9599.0
2023-11-10,2023-11-13,2.93,0.029300000000000003,10898.0
2023-11-13,2023-11-14,2.936,0.02936,9818.0
2023-11-14,2023-11-15,2.932,0.02932,9272.0
2023-11-15,2023-11-16,2.936,0.02936,9156.0
2023-11-16,2023-11-17,2.898,0.028980000000000002,10076.0
2023-11-17,2023-11-20,2.934,0.02934,9601.0
2023-11-20,2023-11-21,2.897,0.02897,13134.0
2023-11-21,2023-11-22,2.898,0.028980000000000002,15244.0
2023-11-22,2023-11-23,2.893,0.028929999999999997,11818.0
2023-11-23,2023-11-24,2.923,0.02923,8528.0
2023-11-24,2023-11-27,2.917,0.029169999999999998,11513.0
2023-11-27,2023-11-28,2.921,0.02921,10702.0
2023-11-28,2023-11-29,2.919,0.02919,10936.0
2023-11-29,2023-11-30,2.925,0.029249999999999998,10053.0
2023-11-30,2023-12-01,2.953,0.029529999999999997,8483.0
2023-12-01,2023-12-04,2.919,0.02919,11834.0
2023-12-04,2023-12-05,2.955,0.02955,9010.0
2023-12-05,2023-12-06,2.969,0.029689999999999998,7015.0
2023-12-06,2023-12-07,2.936,0.02936,10072.0
2023-12-07,2023-12-08,2.96,0.0296,8125.0
2023-12-08,2023-12-11,2.972,0.02972,8856.0
2023-12-11,2023-12-12,2.972,0.02972,8348.0
2023-12-12,2023-12-13,2.964,0.02964,9395.0
2023-12-13,2023-12-14,2.958,0.029580000000000002,9364.0
2023-12-14,2023-12-15,2.935,0.02935,9025.0
2023-12-15,2023-12-18,2.901,0.029009999999999998,13431.0
2023-12-18,2023-12-19,2.931,0.02931,9823.0
2023-12-19,2023-12-20,2.943,0.02943,11461.0
2023-12-20,2023-12-21,2.899,0.028990000000000002,12468.0
2023-12-21,2023-12-22,2.951,0.02951,10518.0
2023-12-22,2023-12-25,2.964,0.02964,12588.0
2023-12-25,2023-12-26,2.948,0.02948,13647.0
2023-12-26,2023-12-27,2.931,0.02931,10880.0
2023-12-27,2023-12-28,2.967,0.029670000000000002,13128.0
2023-12-28,2023-12-29,2.959,0.02959,10604.0
2023-12-29,2024-01-02,2.998,0.029980000000000003,14138.0
2024-01-02,2024-01-03,2.988,0.02988,11063.0
2024-01-03,2024-01-04,2.989,0.02989,10922.0
2024-01-04,2024-01-05,2.98,0.0298,11515.0
2024-01-05,2024-01-08,2.978,0.02978,10882.0
2024-01-08,2024-01-09,2.964,0.02964,13802.0
2024-01-09,2024-01-10,2.973,0.02973,11452.0
2024-01-10,2024-01-12,2.97,0.0297,10473.0
2024-01-12,2024-01-15,2.97,0.0297,9781.0
2024-01-15,2024-01-16,2.974,0.029740000000000003,11794.0
2024-01-16,2024-01-17,2.981,0.02981,11143.0
2024-01-17,2024-01-18,2.988,0.02988,13145.0
2024-01-18,2024-01-19,2.965,0.02965,9720.0
2024-01-19,2024-01-22,2.959,0.02959,11955.0
2024-01-22,2024-01-23,2.954,0.02954,10658.0
2024-01-23,2024-01-24,2.933,0.02933,11753.0
2024-01-24,2024-01-25,2.949,0.02949,11815.0
2024-01-25,2024-01-26,2.952,0.02952,12488.0
2024-01-26,2024-01-29,2.961,0.029609999999999997,12955.0
2024-01-29,2024-01-30,2.91,0.0291,13588.0
2024-01-30,2024-01-31,2.981,0.02981,13860.0
2024-01-31,2024-02-01,2.999,0.029990000000000003,13572.0
2024-02-01,2024-02-02,2.98,0.0298,10258.0
2024-02-02,2024-02-05,2.956,0.02956,11492.0
2024-02-05,2024-02-06,2.984,0.02984,10260.0
2024-02-06,2024-02-07,2.982,0.029820000000000003,9465.0
2024-02-07,2024-02-08,2.966,0.029660000000000002,11109.0
2024-02-08,2024-02-09,2.96,0.0296,9533.0
2024-02-09,2024-02-12,2.953,0.029529999999999997,11837.0
2024-02-12,2024-02-13,2.953,0.029529999999999997,12380.0
2024-02-13,2024-02-14,2.917,0.029169999999999998,12318.0
2024-02-14,2024-02-15,2.932,0.02932,12771.0
2024-02-15,2024-02-16,2.952,0.02952,9287.0
2024-02-16,2024-02-19,2.953,0.029529999999999997,10044.0
2024-02-19,2024-02-20,2.938,0.029380000000000003,12245.0
2024-02-20,2024-02-21,2.952,0.02952,11341.0
2024-02-21,2024-02-22,2.964,0.02964,11712.0
2024-02-22,2024-02-23,2.971,0.02971,10039.0
2024-02-23,2024-02-26,2.982,0.029820000000000003,9522.0
2024-02-26,2024-02-27,2.965,0.02965,10867.0
2024-02-27,2024-02-28,2.967,0.029670000000000002,11643.0
2024-02-28,2024-02-29,2.959,0.02959,11034.0
2024-02-29,2024-03-01,2.986,0.02986,12929.0
2024-03-01,2024-03-04,2.969,0.029689999999999998,10547.0
2024-03-04,2024-03-05,2.961,0.029609999999999997,10347.0
2024-03-05,2024-03-06,2.972,0.02972,9717.0
2024-03-06,2024-03-07,2.944,0.02944,11742.0
2024-03-07,2024-03-08,2.941,0.02941,11518.0
2024-03-08,2024-03-11,2.936,0.02936,10833.0
2024-03-11,2024-03-12,2.945,0.029449999999999997,12736.0
2024-03-12,2024-03-13,2.914,0.029140000000000003,12814.0
2024-03-13,2024-03-14,2.965,0.02965,11961.0
2024-03-14,2024-03-15,2.968,0.029679999999999998,9075.0
2024-03-15,2024-03-18,2.953,0.029529999999999997,9316.0
2024-03-18,2024-03-19,2.926,0.02926,11106.0
2024-03-19,2024-03-20,2.955,0.02955,8072.0
2024-03-20,2024-03-21,2.968,0.029679999999999998,8012.0
2024-03-21,2024-03-22,2.964,0.02964,8966.0
2024-03-22,2024-03-25,2.966,0.029660000000000002,10851.0
2024-03-25,2024-03-26,2.962,0.02962,10567.0
2024-03-26,2024-03-27,2.955,0.02955,10747.0
2024-03-27,2024-03-28,2.983,0.029830000000000002,9236.0
2024-03-28,2024-03-29,2.998,0.029980000000000003,9250.0
2024-03-29,2024-04-01,3.0,0.03,13546.0
2024-04-01,2024-04-02,2.99,0.029900000000000003,11130.0
2024-04-02,2024-04-03,2.987,0.02987,11788.0
2024-04-03,2024-04-04,2.921,0.02921,14146.0
2024-04-04,2024-04-05,2.991,0.029910000000000003,10328.0
2024-04-05,2024-04-09,3.0,0.03,9034.0
2024-04-08,2024-04-09,2.986,0.02986,9785.0
2024-04-09,2024-04-15,2.984,0.02984,11966.0
2024-04-15,2024-04-16,2.991,0.029910000000000003,7593.0
2024-04-16,2024-04-17,2.979,0.02979,12041.0
2024-04-17,2024-04-18,2.97,0.0297,10356.0
2024-04-18,2024-04-19,2.954,0.02954,9213.0
2024-04-19,2024-04-22,2.975,0.029750000000000002,7703.0
2024-04-22,2024-04-23,2.99,0.029900000000000003,7551.0
2024-04-23,2024-04-24,2.976,0.029759999999999998,6942.0
2024-04-24,2024-04-25,2.973,0.02973,6503.0
2024-04-25,2024-04-26,2.983,0.029830000000000002,7706.0
2024-04-26,2024-04-29,2.935,0.02935,9522.0
2024-04-29,2024-04-30,2.935,0.02935,9071.0
2024-04-30,2024-05-02,2.958,0.029580000000000002,11365.0
2024-05-02,2024-05-03,2.977,0.029769999999999998,6984.0
2024-05-03,2024-05-06,2.943,0.02943,7847.0
2024-05-06,2024-05-07,2.955,0.02955,8221.0
2024-05-07,2024-05-08,2.946,0.02946,8134.0
2024-05-08,2024-05-09,2.939,0.02939,6618.0
2024-05-09,2024-05-10,2.95,0.029500000000000002,7490.0
2024-05-10,2024-05-13,2.955,0.02955,8536.0
2024-05-13,2024-05-14,2.962,0.02962,8006.0
2024-05-14,2024-05-15,2.938,0.029380000000000003,8846.0
2024-05-15,2024-05-16,2.925,0.029249999999999998,10652.0
2024-05-16,2024-05-17,2.955,0.02955,7901.0
2024-05-17,2024-05-20,2.957,0.02957,7705.0
2024-05-20,2024-05-21,2.942,0.02942,7764.0
2024-05-21,2024-05-22,2.944,0.02944,8759.0
2024-05-22,2024-05-23,2.945,0.029449999999999997,9010.0
2024-05-23,2024-05-24,2.956,0.02956,7620.0
2024-05-24,2024-05-27,2.896,0.02896,10028.0
2024-05-27,2024-05-28,2.925,0.029249999999999998,11354.0
2024-05-28,2024-05-29,2.912,0.02912,10819.0
2024-05-29,2024-05-30,2.914,0.029140000000000003,10631.0
2024-05-30,2024-05-31,2.987,0.02987,9566.0
2024-05-31,2024-06-03,2.954,0.02954,11349.0
2024-06-03,2024-06-04,2.96,0.0296,8744.0
2024-06-04,2024-06-05,2.963,0.02963,7041.0
2024-06-05,2024-06-06,2.924,0.02924,7233.0
2024-06-06,2024-06-07,2.976,0.029759999999999998,6243.0
2024-06-07,2024-06-10,2.974,0.029740000000000003,10938.0
2024-06-10,2024-06-11,2.994,0.02994,7664.0
2024-06-11,2024-06-12,2.985,0.029849999999999998,9895.0
2024-06-12,2024-06-13,2.913,0.02913,10787.0
2024-06-13,2024-06-14,2.973,0.02973,7078.0
2024-06-14,2024-06-19,2.98,0.0298,7189.0
2024-06-19,2024-06-20,2.981,0.02981,6062.0
2024-06-20,2024-06-21,2.989,0.02989,7783.0
2024-06-21,2024-06-24,2.953,0.029529999999999997,9912.0
2024-06-24,2024-06-25,2.967,0.029670000000000002,7580.0
2024-06-25,2024-06-26,2.942,0.02942,10443.0
2024-06-26,2024-06-27,2.75,0.0275,8248.0
2024-06-27,2024-06-28,2.754,0.02754,11089.0
2024-06-28,2024-07-01,2.75,0.0275,10314.0
2024-07-01,2024-07-02,2.717,0.02717,13410.0
2024-07-02,2024-07-03,2.739,0.027389999999999998,11119.0
2024-07-03,2024-07-04,2.732,0.02732,11136.0
2024-07-04,2024-07-05,2.727,0.02727,9682.0
2024-07-05,2024-07-08,2.722,0.02722,8897.0
2024-07-08,2024-07-09,2.712,0.027120000000000002,3335.0
2024-07-09,2024-07-10,2.69,0.0269,9614.0
2024-07-10,2024-07-11,2.717,0.02717,9425.0
2024-07-11,2024-07-12,2.664,0.02664,10995.0
2024-07-12,2024-07-15,2.724,0.02724,9842.0
2024-07-15,2024-07-16,2.689,0.02689,10245.0
2024-07-16,2024-07-17,2.708,0.027080000000000003,8533.0
2024-07-17,2024-07-18,2.712,0.027120000000000002,9400.0
2024-07-18,2024-07-19,2.712,0.027120000000000002,9093.0
2024-07-19,2024-07-22,2.715,0.027149999999999997,8724.0
2024-07-22,2024-07-23,2.694,0.02694,10240.0
2024-07-23,2024-07-24,2.689,0.02689,10111.0
2024-07-24,2024-07-25,2.66,0.026600000000000002,11046.0
2024-07-25,2024-07-26,2.715,0.027149999999999997,9362.0
2024-07-26,2024-07-29,2.726,0.02726,11499.0
2024-07-29,2024-07-31,2.734,0.02734,9815.0
2024-07-31,2024-08-01,2.743,0.02743,10763.0
2024-08-01,2024-08-02,2.726,0.02726,7176.0
2024-08-02,2024-08-05,2.723,0.027229999999999997,7585.0
2024-08-05,2024-08-06,2.706,0.02706,8622.0
2024-08-06,2024-08-07,2.702,0.02702,8670.0
2024-08-07,2024-08-08,2.703,0.02703,8495.0
2024-08-08,2024-08-09,2.702,0.02702,9811.0
2024-08-09,2024-08-12,2.701,0.02701,10195.0
2024-08-12,2024-08-13,2.708,0.027080000000000003,9094.0
2024-08-13,2024-08-15,2.652,0.026520000000000002,10680.0
2024-08-15,2024-08-16,2.627,0.026269999999999998,12679.0
2024-08-16,2024-08-19,2.642,0.02642,8520.0
2024-08-19,2024-08-22,2.612,0.02612,10530.0
2024-08-22,2024-08-23,2.677,0.026770000000000002,12684.0
2024-08-23,2024-08-26,2.689,0.02689,13076.0
2024-08-26,2024-08-27,2.673,0.02673,11168.0
2024-08-27,2024-08-28,2.672,0.02672,11488.0
2024-08-28,2024-08-29,2.686,0.02686,10138.0
2024-08-29,2024-08-30,2.717,0.02717,8999.0
2024-08-30,2024-09-02,2.728,0.027280000000000002,11444.0
2024-09-02,2024-09-03,2.731,0.027309999999999997,12021.0
2024-09-03,2024-09-04,2.7,0.027000000000000003,10254.0
2024-09-04,2024-09-05,2.69,0.0269,11929.0
2024-09-05,2024-09-06,2.702,0.02702,9882.0
2024-09-06,2024-09-09,2.711,0.02711,8267.0
2024-09-09,2024-09-10,2.679,0.026789999999999998,11287.0
2024-09-10,2024-09-11,2.683,0.02683,9381.0
2024-09-11,2024-09-12,2.655,0.026549999999999997,10520.0
2024-09-12,2024-09-13,2.697,0.02697,10727.0
2024-09-13,2024-09-18,2.687,0.026869999999999998,10000.0
2024-09-18,2024-09-19,2.704,0.02704,10232.0
2024-09-19,2024-09-20,2.702,0.02702,10980.0
2024-09-20,2024-09-23,2.708,0.027080000000000003,10434.0
2024-09-23,2024-09-24,2.695,0.026949999999999998,11982.0
2024-09-24,2024-09-25,2.712,0.027120000000000002,10586.0
2024-09-25,2024-09-26,2.706,0.02706,13820.0
2024-09-26,2024-09-27,2.676,0.026760000000000003,14664.0
2024-09-27,2024-09-30,2.716,0.027160000000000004,13692.0
2024-09-30,2024-10-01,2.744,0.027440000000000003,13873.0
2024-10-01,2024-10-02,2.725,0.02725,12897.0
2024-10-02,2024-10-03,2.736,0.027360000000000002,11564.0
2024-10-03,2024-10-04,2.721,0.02721,12309.0
2024-10-04,2024-10-07,2.713,0.02713,12174.0
2024-10-07,2024-10-08,2.706,0.02706,12282.0
2024-10-08,2024-10-09,2.707,0.027069999999999997,11426.0
2024-10-09,2024-10-10,2.698,0.02698,12230.0
2024-10-10,2024-10-11,2.698,0.02698,13319.0
2024-10-11,2024-10-14,2.703,0.02703,13276.0
2024-10-14,2024-10-15,2.691,0.02691,13654.0
2024-10-15,2024-10-16,2.719,0.02719,17346.0
2024-10-16,2024-10-17,2.69,0.0269,18030.0
2024-10-17,2024-10-18,2.687,0.026869999999999998,14249.0
2024-10-18,2024-10-21,2.685,0.02685,14131.0
2024-10-21,2024-10-22,2.687,0.026869999999999998,13737.0
2024-10-22,2024-10-23,2.7,0.027000000000000003,12398.0
2024-10-23,2024-10-24,2.697,0.02697,11903.0
2024-10-24,2024-10-25,2.704,0.02704,11949.0
2024-10-25,2024-10-28,2.695,0.026949999999999998,13402.0
2024-10-28,2024-10-29,2.698,0.02698,12014.0
2024-10-29,2024-10-30,2.69,0.0269,14007.0
2024-10-30,2024-10-31,2.714,0.02714,11381.0
2024-10-31,2024-11-01,2.725,0.02725,11990.0
2024-11-01,2024-11-04,2.718,0.02718,11348.0
2024-11-04,2024-11-05,2.716,0.027160000000000004,11933.0
2024-11-05,2024-11-07,2.726,0.02726,14109.0
2024-11-07,2024-11-08,2.724,0.02724,12801.0
2024-11-08,2024-11-11,2.715,0.027149999999999997,11303.0
2024-11-11,2024-11-12,2.721,0.02721,12366.0
2024-11-12,2024-11-13,2.715,0.027149999999999997,11992.0
2024-11-13,2024-11-14,2.7,0.027000000000000003,11538.0
2024-11-14,2024-11-15,2.714,0.02714,11048.0
2024-11-15,2024-11-19,2.714,0.02714,10552.0
2024-11-19,2024-11-20,2.702,0.02702,11825.0
2024-11-20,2024-11-21,2.713,0.02713,13869.0
2024-11-21,2024-11-22,2.703,0.02703,10716.0
2024-11-22,2024-11-25,2.704,0.02704,14891.0
2024-11-25,2024-11-26,2.712,0.027120000000000002,12947.0
2024-11-26,2024-11-27,2.719,0.02719,12423.0
2024-11-27,2024-11-28,2.704,0.02704,12616.0
2024-11-28,2024-11-29,2.711,0.02711,10891.0
2024-11-29,2024-12-02,2.731,0.027309999999999997,15944.0
2024-12-02,2024-12-03,2.712,0.027120000000000002,13989.0
2024-12-03,2024-12-04,2.677,0.026770000000000002,15710.0
2024-12-04,2024-12-05,2.717,0.02717,14384.0
2024-12-05,2024-12-06,2.708,0.027080000000000003,12204.0
2024-12-06,2024-12-09,2.719,0.02719,13646.0
2024-12-09,2024-12-10,2.718,0.02718,14312.0
2024-12-10,2024-12-11,2.702,0.02702,15742.0
2024-12-11,2024-12-12,2.707,0.027069999999999997,12756.0
2024-12-12,2024-12-13,2.694,0.02694,16354.0
2024-12-13,2024-12-16,2.682,0.02682,18223.0
2024-12-16,2024-12-17,2.664,0.02664,12544.0
2024-12-17,2024-12-18,2.702,0.02702,12858.0
2024-12-18,2024-12-19,2.44,0.024399999999999998,12850.0
2024-12-19,2024-12-20,2.435,0.02435,11829.0
2024-12-20,2024-12-23,2.453,0.02453,12952.0
2024-12-23,2024-12-24,2.442,0.02442,12208.0
2024-12-24,2024-12-25,2.451,0.02451,13357.0
2024-12-25,2024-12-26,2.445,0.02445,11346.0
2024-12-26,2024-12-27,2.457,0.024569999999999998,11120.0
2024-12-27,2024-12-30,2.49,0.024900000000000002,16602.0
2024-12-30,2024-12-31,2.473,0.02473,14645.0
2024-12-31,2025-01-02,2.499,0.024990000000000002,15242.0
2025-01-02,2025-01-03,2.486,0.024860000000000004,11559.0
2025-01-03,2025-01-06,2.481,0.02481,11891.0
2025-01-06,2025-01-07,2.462,0.024620000000000003,14805.0
2025-01-07,2025-01-08,2.475,0.02475,13579.0
2025-01-08,2025-01-09,2.463,0.02463,13586.0
2025-01-09,2025-01-10,2.454,0.024540000000000003,14026.0
2025-01-10,2025-01-13,2.472,0.02472,11869.0
2025-01-13,2025-01-15,2.475,0.02475,11117.0
2025-01-15,2025-01-16,2.439,0.024390000000000002,16045.0
2025-01-16,2025-01-17,2.459,0.02459,14712.0
2025-01-17,2025-01-20,2.472,0.02472,11822.0
2025-01-20,2025-01-21,2.47,0.024700000000000003,13318.0
2025-01-21,2025-01-22,2.463,0.02463,13629.0
2025-01-22,2025-01-23,2.464,0.02464,13416.0
2025-01-23,2025-01-24,2.462,0.024620000000000003,14379.0
2025-01-24,2025-01-27,2.471,0.02471,11157.0
2025-01-27,2025-01-28,2.461,0.02461,16384.0
2025-01-28,2025-01-29,2.493,0.024929999999999997,14746.0
2025-01-29,2025-01-30,2.488,0.02488,17053.0
2025-01-30,2025-01-31,2.493,0.024929999999999997,14449.0
2025-01-31,2025-02-03,2.499,0.024990000000000002,13118.0
2025-02-03,2025-02-04,2.492,0.02492,15030.0
2025-02-04,2025-02-05,2.48,0.0248,14270.0
2025-02-05,2025-02-06,2.486,0.024860000000000004,12970.0
2025-02-06,2025-02-07,2.481,0.02481,12339.0
2025-02-07,2025-02-10,2.483,0.02483,10331.0
2025-02-10,2025-02-11,2.485,0.024849999999999997,12267.0
2025-02-11,2025-02-12,2.487,0.02487,11498.0
2025-02-12,2025-02-13,2.49,0.024900000000000002,11019.0
2025-02-13,2025-02-14,2.476,0.02476,10213.0
2025-02-14,2025-02-17,2.465,0.02465,9892.0
2025-02-17,2025-02-18,2.467,0.02467,10138.0
2025-02-18,2025-02-19,2.453,0.02453,11036.0
2025-02-19,2025-02-20,2.469,0.02469,12655.0
2025-02-20,2025-02-21,2.475,0.02475,7449.0
2025-02-21,2025-02-24,2.491,0.02491,12034.0
2025-02-24,2025-02-25,2.484,0.02484,10817.0
2025-02-25,2025-02-26,2.487,0.02487,11256.0
2025-02-26,2025-02-27,2.485,0.024849999999999997,11474.0
2025-02-27,2025-02-28,2.461,0.02461,12647.0
2025-02-28,2025-03-03,2.497,0.02497,14052.0
2025-03-03,2025-03-04,2.49,0.024900000000000002,13045.0
2025-03-04,2025-03-05,2.486,0.024860000000000004,13622.0
2025-03-05,2025-03-06,2.493,0.024929999999999997,16118.0
2025-03-06,2025-03-07,2.495,0.02495,13639.0
2025-03-07,2025-03-10,2.494,0.024940000000000004,12706.0
2025-03-10,2025-03-11,2.469,0.02469,11393.0
2025-03-11,2025-03-12,2.476,0.02476,11880.0
2025-03-12,2025-03-13,2.479,0.02479,11331.0
2025-03-13,2025-03-14,2.484,0.02484,10297.0
2025-03-14,2025-03-17,2.483,0.02483,12408.0
2025-03-17,2025-03-18,2.458,0.02458,11357.0
2025-03-18,2025-03-19,2.487,0.02487,10887.0
2025-03-19,2025-03-20,2.243,0.02243,10260.0
2025-03-20,2025-03-21,2.213,0.02213,8293.0
2025-03-21,2025-03-24,2.21,0.022099999999999998,11486.0
2025-03-24,2025-03-25,2.238,0.02238,9084.0
2025-03-25,2025-03-26,2.23,0.0223,11788.0
2025-03-26,2025-03-27,2.241,0.02241,12385.0
2025-03-27,2025-03-28,2.25,0.0225,11368.0
2025-03-28,2025-04-02,2.25,0.0225,9350.0
2025-04-02,2025-04-03,2.269,0.022690000000000002,16450.0
2025-04-03,2025-04-04,2.24,0.022400000000000003,14904.0
2025-04-04,2025-04-07,2.287,0.022869999999999998,16977.0
2025-04-07,2025-04-08,2.232,0.022320000000000003,13323.0
2025-04-08,2025-04-09,2.23,0.0223,10326.0
2025-04-09,2025-04-10,2.231,0.02231,11975.0
2025-04-10,2025-04-11,2.235,0.02235,11055.0
2025-04-11,2025-04-14,2.229,0.02229,11555.0
2025-04-14,2025-04-15,2.234,0.02234,12691.0
2025-04-15,2025-04-16,2.213,0.02213,10887.0
2025-04-16,2025-04-17,2.211,0.022109999999999998,9369.0
2025-04-17,2025-04-18,2.22,0.0222,14458.0
2025-04-18,2025-04-21,2.234,0.02234,12439.0
2025-04-21,2025-04-22,2.232,0.022320000000000003,11735.0
2025-04-22,2025-04-23,2.238,0.02238,11564.0
2025-04-23,2025-04-24,2.225,0.022250000000000002,12991.0
2025-04-24,2025-04-25,2.212,0.02212,13468.0
2025-04-25,2025-04-28,2.247,0.02247,13875.0
2025-04-28,2025-04-29,2.216,0.022160000000000003,13502.0
2025-04-29,2025-04-30,2.225,0.022250000000000002,14549.0
2025-04-30,2025-05-02,2.234,0.02234,16199.0
2025-05-02,2025-05-05,2.25,0.0225,11557.0
2025-05-05,2025-05-06,2.217,0.022170000000000002,15884.0
2025-05-06,2025-05-07,2.193,0.02193,14633.0
2025-05-07,2025-05-08,2.191,0.02191,11278.0
2025-05-08,2025-05-09,2.23,0.0223,9037.0
2025-05-09,2025-05-12,2.133,0.021330000000000002,13251.0
2025-05-12,2025-05-13,2.213,0.02213,12860.0
2025-05-13,2025-05-14,2.206,0.02206,14292.0
2025-05-14,2025-05-15,2.243,0.02243,11767.0
2025-05-15,2025-05-16,2.228,0.02228,14344.0
2025-05-16,2025-05-19,2.241,0.02241,10499.0
2025-05-19,2025-05-20,2.198,0.02198,15795.0
2025-05-20,2025-05-21,2.227,0.022269999999999998,12981.0
2025-05-21,2025-05-22,2.171,0.021709999999999997,15948.0
2025-05-22,2025-05-23,2.223,0.02223,12126.0
2025-05-23,2025-05-26,2.23,0.0223,12474.0
2025-05-26,2025-05-27,2.158,0.02158,18029.0
2025-05-27,2025-05-28,2.153,0.02153,13421.0
2025-05-28,2025-05-29,2.136,0.02136,14536.0
2025-05-29,2025-05-30,2.243,0.02243,9667.0
2025-05-30,2025-06-02,2.205,0.02205,10710.0
2025-06-02,2025-06-03,2.235,0.02235,13157.0
2025-06-03,2025-06-04,2.236,0.02236,9558.0
2025-06-04,2025-06-05,2.218,0.02218,10938.0
2025-06-05,2025-06-06,2.233,0.022330000000000003,8940.0
2025-06-06,2025-06-10,2.214,0.02214,10152.0
2025-06-10,2025-06-11,2.23,0.0223,12511.0
2025-06-11,2025-06-12,2.235,0.02235,14201.0
2025-06-12,2025-06-13,2.211,0.022109999999999998,12317.0
2025-06-13,2025-06-16,2.205,0.02205,11534.0
2025-06-16,2025-06-17,2.199,0.02199,11487.0
2025-06-17,2025-06-18,2.224,0.022240000000000003,14374.0
2025-06-18,2025-06-19,2.205,0.02205,10580.0
2025-06-19,2025-06-20,2.186,0.02186,10718.0
2025-06-20,2025-06-23,2.181,0.02181,14250.0
2025-06-23,2025-06-24,2.223,0.02223,19493.0
2025-06-24,2025-06-25,2.22,0.0222,16927.0
2025-06-25,2025-06-26,2.226,0.02226,14217.0
2025-06-26,2025-06-30,2.25,0.0225,18506.0
2025-06-30,2025-07-01,2.25,0.0225,21426.0
2025-07-01,2025-07-02,2.233,0.022330000000000003,17610.0
2025-07-02,2025-07-03,2.124,0.021240000000000002,22142.0
2025-07-03,2025-07-04,2.211,0.022109999999999998,13452.0
2025-07-04,2025-07-07,2.206,0.02206,12561.0
2025-07-07,2025-07-08,2.185,0.02185,13503.0
2025-07-08,2025-07-09,2.159,0.021589999999999998,15345.0
2025-07-09,2025-07-10,2.153,0.02153,15172.0
2025-07-10,2025-07-11,2.208,0.022080000000000002,12728.0
2025-07-11,2025-07-14,2.218,0.02218,12951.0
2025-07-14,2025-07-15,2.233,0.022330000000000003,11486.0
2025-07-15,2025-07-16,2.211,0.022109999999999998,13115.0
2025-07-16,2025-07-17,2.208,0.022080000000000002,11361.0
2025-07-17,2025-07-18,2.22,0.0222,10286.0
2025-07-18,2025-07-21,2.23,0.0223,9274.0
2025-07-21,2025-07-22,2.204,0.02204,13015.0
2025-07-22,2025-07-23,2.207,0.02207,12546.0
2025-07-23,2025-07-24,2.242,0.02242,10771.0
2025-07-24,2025-07-25,2.232,0.022320000000000003,10805.0
2025-07-25,2025-07-28,2.24,0.022400000000000003,11478.0
2025-07-28,2025-07-29,2.213,0.02213,13845.0
2025-07-29,2025-07-31,2.233,0.022330000000000003,14187.0
2025-07-31,2025-08-01,2.248,0.022480000000000003,9646.0
2025-08-01,2025-08-04,2.25,0.0225,10979.0
2025-08-04,2025-08-05,2.225,0.022250000000000002,12394.0
2025-08-05,2025-08-06,2.179,0.021789999999999997,15017.0
2025-08-06,2025-08-07,2.24,0.022400000000000003,17016.0
2025-08-07,2025-08-08,2.22,0.0222,15823.0
2025-08-08,2025-08-11,2.234,0.02234,8383.0
2025-08-11,2025-08-12,2.244,0.02244,14199.0
2025-08-12,2025-08-13,2.26,0.0226,13730.0
2025-08-13,2025-08-15,2.279,0.022789999999999998,16646.0
2025-08-15,2025-08-18,2.171,0.021709999999999997,8555.0
2025-08-18,2025-08-19,2.194,0.02194,9868.0
2025-08-19,2025-08-22,2.201,0.022010000000000002,10254.0
2025-08-22,2025-08-25,2.217,0.022170000000000002,16838.0
2025-08-25,2025-08-26,2.206,0.02206,16120.0
2025-08-26,2025-08-27,2.208,0.022080000000000002,11712.0
2025-08-27,2025-08-28,2.203,0.022029999999999998,11899.0
2025-08-28,2025-08-29,2.227,0.022269999999999998,13186.0
2025-08-29,2025-09-01,2.234,0.02234,18918.0
2025-09-01,2025-09-02,2.245,0.02245,11141.0
2025-09-02,2025-09-03,2.246,0.02246,13281.0
2025-09-03,2025-09-04,2.218,0.02218,10919.0
2025-09-04,2025-09-08,2.237,0.02237,14483.0
2025-09-08,2025-09-09,2.226,0.02226,12363.0
2025-09-09,2025-09-10,2.216,0.022160000000000003,11735.0
2025-09-10,2025-09-11,2.209,0.022090000000000002,11684.0
2025-09-11,2025-09-12,2.214,0.02214,11613.0
2025-09-12,2025-09-15,2.191,0.02191,14634.0
2025-09-15,2025-09-16,2.21,0.022099999999999998,13847.0
2025-09-16,2025-09-17,2.168,0.02168,19050.0
2025-09-17,2025-09-18,2.192,0.021920000000000002,15656.0
2025-09-18,2025-09-19,2.232,0.022320000000000003,10082.0
2025-09-19,2025-09-22,2.178,0.02178,13881.0
2025-09-22,2025-09-23,2.203,0.022029999999999998,17994.0
2025-09-23,2025-09-24,2.166,0.02166,16049.0
2025-09-24,2025-09-25,2.187,0.021869999999999997,18087.0
2025-09-25,2025-09-26,2.224,0.022240000000000003,12482.0
2025-09-26,2025-09-29,2.25,0.0225,12220.0
2025-09-29,2025-09-30,2.238,0.02238,8927.0
2025-09-30,2025-10-01,2.385,0.023849999999999996,14147.0
2025-10-01,2025-10-02,2.458,0.02458,12293.0
2025-10-02,2025-10-03,2.219,0.022189999999999998,14178.0
2025-10-03,2025-10-06,2.222,0.02222,11247.0
2025-10-06,2025-10-07,2.226,0.02226,17131.0
2025-10-07,2025-10-08,2.216,0.022160000000000003,17475.0
2025-10-08,2025-10-09,2.173,0.02173,14790.0
2025-10-09,2025-10-10,2.216,0.022160000000000003,11913.0
2025-10-10,2025-10-13,2.249,0.02249,12583.0
2025-10-13,2025-10-14,2.151,0.021509999999999998,7092.0
2025-10-14,2025-10-15,2.319,0.02319,9985.0
2025-10-15,2025-10-16,2.487,0.02487,12651.0
2025-10-16,2025-10-17,2.192,0.021920000000000002,9597.0
2025-10-17,2025-10-20,2.234,0.02234,9255.0
2025-10-20,2025-10-21,2.218,0.02218,18143.0
2025-10-21,2025-10-22,2.225,0.022250000000000002,17876.0
2025-10-22,2025-10-23,2.243,0.02243,10339.0
2025-10-23,2025-10-24,2.232,0.022320000000000003,9308.0
2025-10-24,2025-10-27,2.191,0.02191,8376.0
2025-10-27,2025-10-28,2.161,0.02161,11489.0
2025-10-28,2025-10-29,2.143,0.021429999999999998,18525.0
2025-10-29,2025-10-30,2.116,0.02116,15168.0
2025-10-30,2025-10-31,2.25,0.0225,11428.0
2025-10-31,2025-11-03,2.25,0.0225,12214.0
2025-11-03,2025-11-04,2.25,0.0225,15310.0
2025-11-04,2025-11-05,2.25,0.0225,10204.0
2025-11-05,2025-11-07,2.25,0.0225,9756.0
2025-11-07,2025-11-10,2.231,0.02231,9817.0
2025-11-10,2025-11-11,2.248,0.022480000000000003,12803.0
2025-11-11,2025-11-12,2.25,0.0225,11182.0
2025-11-12,2025-11-13,2.25,0.0225,8261.0
2025-11-13,2025-11-14,2.242,0.02242,13509.0
2025-11-14,2025-11-17,2.25,0.0225,13418.0
2025-11-17,2025-11-19,2.185,0.02185,11665.0
2025-11-19,2025-11-20,2.239,0.02239,10554.0
2025-11-20,2025-11-21,2.214,0.02214,11738.0
2025-11-21,2025-11-24,2.227,0.022269999999999998,19749.0
2025-11-24,2025-11-25,2.228,0.02228,12603.0
2025-11-25,2025-11-26,2.152,0.02152,14705.0
2025-11-26,2025-11-27,2.231,0.02231,12828.0
2025-11-27,2025-11-28,2.249,0.02249,14533.0
2025-11-28,2025-12-01,2.25,0.0225,10998.0
2025-12-01,2025-12-02,2.249,0.02249,13084.0
2025-12-02,2025-12-03,2.25,0.0225,13071.0
2025-12-03,2025-12-04,2.147,0.02147,14676.0
2025-12-04,2025-12-05,2.25,0.0225,10079.0
2025-12-05,2025-12-08,2.246,0.02246,14421.0
2025-12-08,2025-12-09,2.191,0.02191,15769.0
2025-12-09,2025-12-10,2.196,0.02196,15257.0
2025-12-10,2025-12-11,2.176,0.02176,16693.0
2025-12-11,2025-12-12,2.21,0.022099999999999998,15657.0
2025-12-12,2025-12-15,2.237,0.02237,13288.0
2025-12-15,2025-12-16,2.249,0.02249,17459.0
2025-12-16,2025-12-17,2.188,0.02188,19491.0
2025-12-17,2025-12-18,2.234,0.02234,19483.0
2025-12-18,2025-12-19,2.232,0.022320000000000003,17211.0
2025-12-19,2025-12-22,2.189,0.02189,17590.0
2025-12-22,2025-12-23,2.176,0.02176,16958.0
2025-12-23,2025-12-24,2.168,0.02168,14578.0
2025-12-24,2025-12-25,2.204,0.02204,22083.0
2025-12-25,2025-12-26,2.239,0.02239,16538.0
2025-12-26,2025-12-29,2.233,0.022330000000000003,21517.0
2025-12-29,2025-12-30,2.25,0.0225,16649.0
2025-12-30,2025-12-31,2.268,0.02268,27835.0
2025-12-31,2026-01-02,2.294,0.022940000000000002,26351.0
2026-01-02,2026-01-05,2.25,0.0225,14542.0
2026-01-05,2026-01-06,2.25,0.0225,16203.0
2026-01-06,2026-01-07,2.235,0.02235,15079.0
2026-01-07,2026-01-08,2.242,0.02242,31541.0
2026-01-08,2026-01-09,2.232,0.022320000000000003,14416.0
2026-01-09,2026-01-12,2.25,0.0225,15009.0
2026-01-12,2026-01-13,2.25,0.0225,16210.0
2026-01-13,2026-01-15,2.25,0.0225,13260.0
2026-01-15,2026-01-16,2.197,0.02197,19062.0
2026-01-16,2026-01-19,2.249,0.02249,17109.0
2026-01-19,2026-01-20,2.221,0.02221,16691.0
2026-01-20,2026-01-21,2.222,0.02222,17109.0
2026-01-21,2026-01-22,2.224,0.022240000000000003,21541.0
2026-01-22,2026-01-23,2.232,0.022320000000000003,15568.0
2026-01-23,2026-01-26,2.25,0.0225,14945.0
2026-01-26,2026-01-27,2.246,0.02246,18537.0
2026-01-27,2026-01-28,2.246,0.02246,19058.0
2026-01-28,2026-01-29,2.246,0.02246,16947.0
2026-01-29,2026-01-30,2.25,0.0225,16559.0
2026-01-30,2026-02-02,2.257,0.02257,15171.0
2026-02-02,2026-02-03,2.25,0.0225,15203.0
2026-02-03,2026-02-04,2.331,0.02331,17306.0
2026-02-04,2026-02-05,2.274,0.02274,17549.0
2026-02-05,2026-02-06,2.246,0.02246,12853.0
2026-02-06,2026-02-09,2.246,0.02246,11541.0
2026-02-09,2026-02-10,2.203,0.022029999999999998,12758.0
2026-02-10,2026-02-11,2.205,0.02205,18613.0
2026-02-11,2026-02-12,2.21,0.022099999999999998,12844.0
2026-02-12,2026-02-13,2.196,0.02196,14124.0
2026-02-13,2026-02-16,2.228,0.02228,15864.0
2026-02-16,2026-02-17,2.238,0.02238,16751.0
2026-02-17,2026-02-18,2.186,0.02186,14001.0
2026-02-18,2026-02-19,2.23,0.0223,17627.0
2026-02-19,2026-02-20,2.217,0.022170000000000002,12018.0
2026-02-20,2026-02-23,2.224,0.022240000000000003,16914.0
2026-02-23,2026-02-24,2.246,0.02246,10211.0
2026-02-24,2026-02-25,2.235,0.02235,15314.0
2026-02-25,2026-02-26,2.216,0.022160000000000003,11770.0
2026-02-26,2026-02-27,2.23,0.0223,12145.0
2026-02-27,2026-03-02,2.251,0.02251,6841.0
2026-03-02,2026-03-03,2.25,0.0225,9439.0
2026-03-03,2026-03-04,2.242,0.02242,14866.0
2026-03-04,2026-03-05,2.194,0.02194,13351.0
2026-03-05,2026-03-06,2.244,0.02244,14484.0
2026-03-06,2026-03-09,2.236,0.02236,10433.0
2026-03-09,2026-03-10,2.239,0.02239,10659.0
2026-03-10,2026-03-11,2.216,0.022160000000000003,13421.0
2026-03-11,2026-03-12,2.24,0.022400000000000003,12654.0
2026-03-12,2026-03-13,2.152,0.02152,11575.0
2026-03-13,2026-03-16,2.015,0.02015,16546.0
2026-03-16,2026-03-17,2.122,0.02122,17220.0
2026-03-17,2026-03-18,2.119,0.02119,16291.0
2026-03-18,2026-03-19,2.043,0.02043,14354.0
2026-03-19,2026-03-24,2.25,0.0225,9453.0
2026-03-24,2026-03-25,2.198,0.02198,12361.0
2026-03-25,2026-03-26,2.238,0.02238,12007.0
2026-03-26,2026-03-27,2.25,0.0225,13815.0
2026-03-27,2026-03-30,2.267,0.02267,17935.0
2026-03-30,2026-03-31,2.309,0.023090000000000003,13840.0
2026-03-31,2026-04-01,2.3,0.023,18780.0
2026-04-01,2026-04-02,2.111,0.021110000000000004,28239.0
2026-04-02,2026-04-03,2.24,0.022400000000000003,17119.0
2026-04-03,2026-04-06,2.238,0.02238,14841.0
2026-04-06,2026-04-07,2.25,0.0225,8162.0
2026-04-07,2026-04-08,2.224,0.022240000000000003,9862.0
2026-04-08,2026-04-09,2.244,0.02244,9184.0
2026-04-09,2026-04-10,2.211,0.022109999999999998,12378.0
2026-04-10,2026-04-13,2.195,0.021949999999999997,11812.0
2026-04-13,2026-04-14,2.243,0.02243,9533.0
2026-04-14,2026-04-15,2.22,0.0222,9393.0
2026-04-15,2026-04-16,2.241,0.02241,7832.0
2026-04-16,2026-04-17,2.163,0.021629999999999996,13564.0
2026-04-17,2026-04-20,2.132,0.021320000000000002,12296.0
2026-04-20,2026-04-21,2.22,0.0222,9439.0
2026-04-21,2026-04-22,2.195,0.021949999999999997,10621.0
2026-04-22,2026-04-23,2.191,0.02191,11602.0
2026-04-23,2026-04-24,2.217,0.022170000000000002,10983.0
2026-04-24,2026-04-27,2.216,0.022160000000000003,12947.0
2026-04-27,2026-04-28,2.147,0.02147,15168.0
2026-04-28,2026-04-29,2.176,0.02176,12525.0
2026-04-29,2026-04-30,2.214,0.02214,11486.0
2026-04-30,2026-05-04,2.25,0.0225,10242.0
2026-05-04,2026-05-05,2.239,0.02239,10597.0
2026-05-05,2026-05-06,2.173,0.02173,15724.0
2026-05-06,2026-05-07,2.112,0.02112,18322.0
2026-05-07,2026-05-08,2.216,0.022160000000000003,13232.0
2026-05-08,2026-05-11,2.211,0.022109999999999998,12448.0
2026-05-11,2026-05-12,2.176,0.02176,14826.0
2026-05-12,2026-05-13,2.197,0.02197,14787.0
2026-05-13,2026-05-14,2.225,0.022250000000000002,15064.0
2026-05-14,2026-05-15,2.2,0.022000000000000002,12348.0
2026-05-15,2026-05-18,2.2,0.022000000000000002,12902.0
2026-05-18,2026-05-19,2.177,0.02177,14508.0
2026-05-19,2026-05-20,2.21,0.022099999999999998,14904.0
2026-05-20,2026-05-21,2.204,0.02204,12499.0
2026-05-21,2026-05-22,2.213,0.02213,10366.0
2026-05-22,2026-05-25,2.235,0.02235,7974.0
2026-05-25,2026-05-26,2.249,0.02249,9171.0
2026-05-26,2026-06-01,2.25,0.0225,11362.0
2026-06-01,2026-06-02,2.25,0.0225,9136.0
2026-06-02,2026-06-03,2.24,0.022400000000000003,11600.0
2026-06-03,2026-06-04,2.192,0.021920000000000002,11084.0
2026-06-04,2026-06-05,2.213,0.02213,11530.0
2026-06-05,2026-06-08,2.206,0.02206,11746.0
2026-06-08,2026-06-09,2.201,0.022010000000000002,11481.0
2026-06-09,2026-06-10,2.199,0.02199,11712.0
2026-06-10,2026-06-11,2.224,0.022240000000000003,9985.0
2026-06-11,2026-06-12,2.206,0.02206,11701.0
2026-06-12,2026-06-15,2.206,0.02206,11690.0
2026-06-15,2026-06-16,2.222,0.02222,9263.0
2026-06-16,2026-06-18,2.234,0.02234,11386.0
2026-06-18,2026-06-19,2.219,0.022189999999999998,11992.0
2026-06-19,2026-06-22,2.23,0.0223,10720.0
2026-06-22,2026-06-23,2.217,0.022170000000000002,12268.0
2026-06-23,2026-06-24,2.172,0.021720000000000003,14204.0
2026-06-24,2026-06-25,2.139,0.02139,13343.0
2026-06-25,2026-06-26,2.213,0.02213,9797.0
2026-06-26,2026-06-29,2.24,0.022400000000000003,11534.0